Postal Code,Place Name,State,State Abbreviation,County,Latitude,Longitude,
97001,Antelope,Oregon,OR,Wasco,44.8892,-120.7914,
97002,Aurora,Oregon,OR,Marion,45.2284,-122.8039,
97003,Beaverton,Oregon,OR,Washington,45.4963,-122.8001,
97004,Beavercreek,Oregon,OR,Clackamas,45.2597,-122.4751,
97005,Beaverton,Oregon,OR,Washington,45.4963,-122.8001,
97006,Beaverton,Oregon,OR,Washington,45.5201,-122.8604,
97007,Beaverton,Oregon,OR,Washington,45.4505,-122.8652,
97008,Beaverton,Oregon,OR,Washington,45.456,-122.7996,
97009,Boring,Oregon,OR,Clackamas,45.4297,-122.3807,
97010,Bridal Veil,Oregon,OR,Multnomah,45.583,-122.1011,
97011,Brightwood,Oregon,OR,Clackamas,45.3652,-122.0036,
97013,Canby,Oregon,OR,Clackamas,45.2514,-122.6832,
97014,Cascade Locks,Oregon,OR,Hood River,45.671,-121.8686,
97015,Clackamas,Oregon,OR,Clackamas,45.415,-122.52,
97016,Clatskanie,Oregon,OR,Columbia,46.0665,-123.2059,
97017,Colton,Oregon,OR,Clackamas,45.1573,-122.4248,
97018,Columbia City,Oregon,OR,Columbia,45.8925,-122.8122,
97019,Corbett,Oregon,OR,Multnomah,45.5221,-122.2417,
97020,Donald,Oregon,OR,Marion,45.2199,-122.8405,
97021,Dufur,Oregon,OR,Wasco,45.3913,-121.1432,
97022,Eagle Creek,Oregon,OR,Clackamas,45.3582,-122.3381,
97023,Estacada,Oregon,OR,Clackamas,45.2872,-122.3259,
97024,Fairview,Oregon,OR,Multnomah,45.5473,-122.4414,
97026,Gervais,Oregon,OR,Marion,45.1086,-122.8962,
97027,Gladstone,Oregon,OR,Clackamas,45.3899,-122.5902,
97028,Government Camp,Oregon,OR,Clackamas,45.2972,-121.739,
97029,Grass Valley,Oregon,OR,Sherman,45.3013,-120.7478,
97030,Gresham,Oregon,OR,Multnomah,45.5154,-122.4203,
97031,Hood River,Oregon,OR,Hood River,45.6711,-121.5391,
97032,Hubbard,Oregon,OR,Marion,45.1604,-122.7541,
97033,Kent,Oregon,OR,Sherman,45.0838,-120.6649,
97034,Lake Oswego,Oregon,OR,Clackamas,45.4093,-122.6847,
97035,Lake Oswego,Oregon,OR,Clackamas,45.4147,-122.7227,
97036,Marylhurst,Oregon,OR,Clackamas,45.1733,-122.2599,
97037,Maupin,Oregon,OR,Wasco,45.0742,-121.2282,
97038,Molalla,Oregon,OR,Clackamas,45.1223,-122.5756,
97039,Moro,Oregon,OR,Sherman,45.4853,-120.6957,
97040,Mosier,Oregon,OR,Wasco,45.6508,-121.379,
97041,Mount Hood Parkdale,Oregon,OR,Hood River,45.4929,-121.5983,
97042,Mulino,Oregon,OR,Clackamas,45.213,-122.5351,
97044,Odell,Oregon,OR,Hood River,45.6437,-121.5367,
97045,Oregon City,Oregon,OR,Clackamas,45.3377,-122.57,
97048,Rainier,Oregon,OR,Columbia,46.0646,-122.9671,
97049,Rhododendron,Oregon,OR,Clackamas,45.3465,-121.9151,
97050,Rufus,Oregon,OR,Sherman,45.6852,-120.7268,
97051,Saint Helens,Oregon,OR,Columbia,45.8608,-122.8282,
97053,Warren,Oregon,OR,Columbia,45.826,-122.8634,
97054,Deer Island,Oregon,OR,Columbia,45.9356,-122.8985,
97055,Sandy,Oregon,OR,Clackamas,45.379,-122.223,
97056,Scappoose,Oregon,OR,Columbia,45.7655,-122.8928,
97057,Shaniko,Oregon,OR,Wasco,45.0027,-120.75,
97058,The Dalles,Oregon,OR,Wasco,45.5995,-121.1905,
97060,Troutdale,Oregon,OR,Multnomah,45.5254,-122.3739,
97062,Tualatin,Oregon,OR,Washington,45.3727,-122.7631,
97063,Tygh Valley,Oregon,OR,Wasco,45.2229,-121.2927,
97064,Vernonia,Oregon,OR,Columbia,45.8573,-123.1967,
97065,Wasco,Oregon,OR,Sherman,45.5974,-120.7304,
97067,Welches,Oregon,OR,Clackamas,45.3399,-121.9598,
97068,West Linn,Oregon,OR,Clackamas,45.3669,-122.648,
97070,Wilsonville,Oregon,OR,Clackamas,45.2986,-122.7699,
97071,Woodburn,Oregon,OR,Marion,45.1446,-122.8583,
97075,Beaverton,Oregon,OR,Washington,45.5486,-123.1147,
97076,Beaverton,Oregon,OR,Washington,45.5486,-123.1147,
97077,Beaverton,Oregon,OR,Washington,45.5486,-123.1147,
97078,Beaverton,Oregon,OR,Washington,45.452,-122.7893,
97080,Gresham,Oregon,OR,Multnomah,45.4817,-122.4156,
97086,Happy Valley,Oregon,OR,,45.4446,-122.5372,
97089,Boring,Oregon,OR,,45.4242,-122.4509,
97101,Amity,Oregon,OR,Yamhill,45.1157,-123.1744,
97102,Arch Cape,Oregon,OR,Clatsop,45.8109,-123.963,
97103,Astoria,Oregon,OR,Clatsop,46.1558,-123.798,
97106,Banks,Oregon,OR,Washington,45.6535,-123.121,
97107,Bay City,Oregon,OR,Tillamook,45.5197,-123.8761,
97108,Beaver,Oregon,OR,Tillamook,45.2767,-123.8234,
97109,Buxton,Oregon,OR,Washington,45.737,-123.2146,
97110,Cannon Beach,Oregon,OR,Clatsop,45.9466,-123.9315,
97111,Carlton,Oregon,OR,Yamhill,45.2859,-123.1523,
97112,Cloverdale,Oregon,OR,Tillamook,45.2858,-123.8356,
97113,Cornelius,Oregon,OR,Washington,45.529,-123.0415,
97114,Dayton,Oregon,OR,Yamhill,45.1977,-123.0753,
97115,Dundee,Oregon,OR,Yamhill,45.2776,-123.0152,
97116,Forest Grove,Oregon,OR,Washington,45.5981,-123.1818,
97117,Gales Creek,Oregon,OR,Washington,45.5957,-123.234,
97118,Garibaldi,Oregon,OR,Tillamook,45.5626,-123.9001,
97119,Gaston,Oregon,OR,Washington,45.4427,-123.1666,
97121,Hammond,Oregon,OR,Clatsop,46.198,-123.9527,
97122,Hebo,Oregon,OR,Tillamook,45.1768,-123.846,
97123,Hillsboro,Oregon,OR,Washington,45.4984,-122.957,
97124,Hillsboro,Oregon,OR,Washington,45.5387,-122.9636,
97125,Manning,Oregon,OR,Washington,45.6592,-123.1917,
97127,Lafayette,Oregon,OR,Yamhill,45.2466,-123.1114,
97128,Mcminnville,Oregon,OR,Yamhill,45.2097,-123.2043,
97130,Manzanita,Oregon,OR,Tillamook,45.7366,-123.9231,
97131,Nehalem,Oregon,OR,Tillamook,45.7216,-123.9049,
97132,Newberg,Oregon,OR,Yamhill,45.3099,-122.9685,
97133,North Plains,Oregon,OR,Washington,45.6686,-123.0281,
97134,Oceanside,Oregon,OR,Tillamook,45.4549,-123.965,
97135,Pacific City,Oregon,OR,Tillamook,45.205,-123.959,
97136,Rockaway Beach,Oregon,OR,Tillamook,45.6352,-123.913,
97137,Saint Paul,Oregon,OR,Marion,45.196,-122.9674,
97138,Seaside,Oregon,OR,Clatsop,45.9027,-123.6736,
97140,Sherwood,Oregon,OR,Washington,45.3514,-122.8567,
97141,Tillamook,Oregon,OR,Tillamook,45.4492,-123.8189,
97143,Netarts,Oregon,OR,Tillamook,45.434,-123.9458,
97144,Timber,Oregon,OR,Washington,45.727,-123.3119,
97145,Tolovana Park,Oregon,OR,Clatsop,45.8663,-123.9595,
97146,Warrenton,Oregon,OR,Clatsop,46.145,-123.9254,
97147,Wheeler,Oregon,OR,Tillamook,45.6888,-123.8816,
97148,Yamhill,Oregon,OR,Yamhill,45.335,-123.2036,
97149,Neskowin,Oregon,OR,Tillamook,45.097,-123.9434,
97201,Portland,Oregon,OR,Multnomah,45.5078,-122.6897,
97202,Portland,Oregon,OR,Multnomah,45.484,-122.6365,
97203,Portland,Oregon,OR,Multnomah,45.5889,-122.7347,
97204,Portland,Oregon,OR,Multnomah,45.5181,-122.6745,
97205,Portland,Oregon,OR,Multnomah,45.5207,-122.6888,
97206,Portland,Oregon,OR,Multnomah,45.484,-122.5973,
97207,Portland,Oregon,OR,Multnomah,45.4803,-122.7111,
97208,Portland,Oregon,OR,Multnomah,45.5322,-122.5648,
97209,Portland,Oregon,OR,Multnomah,45.527,-122.6854,
97210,Portland,Oregon,OR,Multnomah,45.5303,-122.7033,
97211,Portland,Oregon,OR,Multnomah,45.5653,-122.6448,
97212,Portland,Oregon,OR,Multnomah,45.5441,-122.6423,
97213,Portland,Oregon,OR,Multnomah,45.5373,-122.5987,
97214,Portland,Oregon,OR,Multnomah,45.5142,-122.6364,
97215,Portland,Oregon,OR,Multnomah,45.5143,-122.599,
97216,Portland,Oregon,OR,Multnomah,45.5137,-122.5569,
97217,Portland,Oregon,OR,Multnomah,45.5742,-122.6842,
97218,Portland,Oregon,OR,Multnomah,45.56,-122.6001,
97219,Portland,Oregon,OR,Multnomah,45.458,-122.7074,
97220,Portland,Oregon,OR,Multnomah,45.5411,-122.5566,
97221,Portland,Oregon,OR,Multnomah,45.4918,-122.7267,
97222,Portland,Oregon,OR,Clackamas,45.4373,-122.6147,
97223,Portland,Oregon,OR,Washington,45.4403,-122.7793,
97224,Portland,Oregon,OR,Washington,45.4094,-122.8014,
97225,Portland,Oregon,OR,Washington,45.4985,-122.7787,
97227,Portland,Oregon,OR,Multnomah,45.5496,-122.6743,
97228,Portland,Oregon,OR,Multnomah,45.5806,-122.3748,
97229,Portland,Oregon,OR,Washington,45.5483,-122.8276,
97230,Portland,Oregon,OR,Multnomah,45.5472,-122.5001,
97231,Portland,Oregon,OR,Multnomah,45.6401,-122.838,
97232,Portland,Oregon,OR,Multnomah,45.5287,-122.6363,
97233,Portland,Oregon,OR,Multnomah,45.5142,-122.4985,
97236,Portland,Oregon,OR,Multnomah,45.4887,-122.5091,
97238,Portland,Oregon,OR,Multnomah,45.5806,-122.3748,
97239,Portland,Oregon,OR,Multnomah,45.4983,-122.6913,
97240,Portland,Oregon,OR,Multnomah,45.5806,-122.3748,
97242,Portland,Oregon,OR,Multnomah,45.5806,-122.3748,
97251,Portland,Oregon,OR,Multnomah,45.5806,-122.3748,
97253,Portland,Oregon,OR,Multnomah,45.5806,-122.3748,
97254,Portland,Oregon,OR,Multnomah,45.5967,-122.5942,
97255,Portland,Oregon,OR,Multnomah,45.5806,-122.3748,
97256,Portland,Oregon,OR,Multnomah,45.5806,-122.3748,
97258,Portland,Oregon,OR,Multnomah,45.5806,-122.3748,
97259,Portland,Oregon,OR,Multnomah,45.5806,-122.3748,
97266,Portland,Oregon,OR,Multnomah,45.4762,-122.5596,
97267,Portland,Oregon,OR,Clackamas,45.4021,-122.6144,
97268,Portland,Oregon,OR,Clackamas,45.1733,-122.2599,
97269,Portland,Oregon,OR,Clackamas,45.1733,-122.2599,
97271,Portland,Oregon,OR,Multnomah,45.5806,-122.3748,
97272,Portland,Oregon,OR,Multnomah,45.5806,-122.3748,
97280,Portland,Oregon,OR,Multnomah,45.5806,-122.3748,
97281,Portland,Oregon,OR,Washington,45.5486,-123.1147,
97282,Portland,Oregon,OR,Multnomah,45.5806,-122.3748,
97283,Portland,Oregon,OR,Multnomah,45.5806,-122.3748,
97286,Portland,Oregon,OR,Multnomah,45.5806,-122.3748,
97290,Portland,Oregon,OR,Multnomah,45.5806,-122.3748,
97291,Portland,Oregon,OR,Washington,45.5486,-123.1147,
97292,Portland,Oregon,OR,Multnomah,45.5806,-122.3748,
97293,Portland,Oregon,OR,Multnomah,45.5806,-122.3748,
97294,Portland,Oregon,OR,Multnomah,45.5806,-122.3748,
97296,Portland,Oregon,OR,Multnomah,45.5806,-122.3748,
97298,Portland,Oregon,OR,Washington,45.5486,-123.1147,
97299,Portland,Oregon,OR,Multnomah,45.5806,-122.3748,
97301,Salem,Oregon,OR,Marion,44.949,-123.004,
97302,Salem,Oregon,OR,Marion,44.9039,-123.0445,
97303,Salem,Oregon,OR,Marion,44.9927,-123.0167,
97304,Salem,Oregon,OR,Polk,44.9588,-123.0753,
97305,Salem,Oregon,OR,Marion,44.9961,-122.9124,
97306,Salem,Oregon,OR,Marion,44.8685,-123.0438,
97307,Keizer,Oregon,OR,Marion,44.9845,-122.457,
97308,Salem,Oregon,OR,Marion,44.9845,-122.457,
97309,Salem,Oregon,OR,Marion,44.9845,-122.457,
97310,Salem,Oregon,OR,Marion,44.9271,-122.9861,
97311,Salem,Oregon,OR,Marion,44.9438,-123.0286,
97312,Salem,Oregon,OR,Marion,44.9364,-123.0381,
97313,Salem,Oregon,OR,Marion,44.9849,-122.9988,
97314,Salem,Oregon,OR,Marion,44.9655,-123.0066,
97317,Salem,Oregon,OR,,44.9026,-122.9074,
97321,Albany,Oregon,OR,Linn,44.652,-123.1333,
97322,Albany,Oregon,OR,Linn,44.626,-123.057,
97324,Alsea,Oregon,OR,Benton,44.3691,-123.6089,
97325,Aumsville,Oregon,OR,Marion,44.8313,-122.8517,
97326,Blodgett,Oregon,OR,Benton,44.6281,-123.6067,
97327,Brownsville,Oregon,OR,Linn,44.377,-122.9485,
97329,Cascadia,Oregon,OR,Linn,44.3995,-122.3636,
97330,Corvallis,Oregon,OR,Benton,44.5904,-123.2722,
97331,Corvallis,Oregon,OR,Benton,44.5638,-123.2779,
97333,Corvallis,Oregon,OR,Benton,44.5393,-123.2799,
97335,Crabtree,Oregon,OR,Linn,44.6344,-122.8933,
97336,Crawfordsville,Oregon,OR,Linn,44.3593,-122.8508,
97338,Dallas,Oregon,OR,Polk,44.9225,-123.32,
97339,Corvallis,Oregon,OR,Benton,44.4989,-123.445,
97341,Depoe Bay,Oregon,OR,Lincoln,44.8322,-124.0503,
97342,Detroit,Oregon,OR,Marion,44.7358,-122.0669,
97343,Eddyville,Oregon,OR,Lincoln,44.6371,-123.7531,
97344,Falls City,Oregon,OR,Polk,44.8706,-123.4461,
97345,Foster,Oregon,OR,Linn,44.3836,-122.5449,
97346,Gates,Oregon,OR,Marion,44.7527,-122.3995,
97347,Grand Ronde,Oregon,OR,Polk,45.075,-123.6335,
97348,Halsey,Oregon,OR,Linn,44.3862,-123.1251,
97350,Idanha,Oregon,OR,Marion,44.7001,-122.074,
97351,Independence,Oregon,OR,Polk,44.8481,-123.1879,
97352,Jefferson,Oregon,OR,Marion,44.7495,-123.006,
97355,Lebanon,Oregon,OR,Linn,44.5316,-122.8821,
97357,Logsden,Oregon,OR,Lincoln,44.7082,-123.8051,
97358,Lyons,Oregon,OR,Linn,44.7499,-122.595,
97359,Marion,Oregon,OR,Marion,44.9845,-122.457,
97360,Mill City,Oregon,OR,Linn,44.7516,-122.4768,
97361,Monmouth,Oregon,OR,Polk,44.8377,-123.2512,
97362,Mount Angel,Oregon,OR,Marion,45.0737,-122.7856,
97364,Neotsu,Oregon,OR,Lincoln,44.9988,-123.9843,
97365,Newport,Oregon,OR,Lincoln,44.6487,-124.0509,
97366,South Beach,Oregon,OR,Lincoln,44.5712,-124.06,
97367,Lincoln City,Oregon,OR,Lincoln,44.9089,-123.9888,
97368,Otis,Oregon,OR,Lincoln,45.0138,-123.9332,
97369,Otter Rock,Oregon,OR,Lincoln,44.7588,-124.0633,
97370,Philomath,Oregon,OR,Benton,44.5488,-123.3923,
97371,Rickreall,Oregon,OR,Polk,45.02,-123.2064,
97372,Rose Lodge,Oregon,OR,Lincoln,44.66,-123.892,
97373,Saint Benedict,Oregon,OR,Marion,44.9845,-122.457,
97374,Scio,Oregon,OR,Linn,44.7168,-122.7684,
97375,Scotts Mills,Oregon,OR,Marion,44.9897,-122.6187,
97376,Seal Rock,Oregon,OR,Lincoln,44.4874,-123.9567,
97377,Shedd,Oregon,OR,Linn,44.453,-123.1065,
97378,Sheridan,Oregon,OR,Yamhill,45.0897,-123.4003,
97380,Siletz,Oregon,OR,Lincoln,44.7313,-123.9062,
97381,Silverton,Oregon,OR,Marion,44.991,-122.7627,
97383,Stayton,Oregon,OR,Marion,44.8021,-122.7624,
97384,Mehama,Oregon,OR,Marion,44.7903,-122.6187,
97385,Sublimity,Oregon,OR,Marion,44.8425,-122.8007,
97386,Sweet Home,Oregon,OR,Linn,44.3981,-122.7286,
97388,Gleneden Beach,Oregon,OR,Lincoln,44.885,-123.9942,
97389,Tangent,Oregon,OR,Linn,44.5497,-123.1108,
97390,Tidewater,Oregon,OR,Lincoln,44.4055,-123.9149,
97391,Toledo,Oregon,OR,Lincoln,44.6271,-123.9301,
97392,Turner,Oregon,OR,Marion,44.8476,-122.9501,
97394,Waldport,Oregon,OR,Lincoln,44.4085,-124.0351,
97396,Willamina,Oregon,OR,Yamhill,45.0826,-123.5047,
97401,Eugene,Oregon,OR,Lane,44.0682,-123.0819,
97402,Eugene,Oregon,OR,Lane,44.0612,-123.1555,
97403,Eugene,Oregon,OR,Lane,44.0385,-123.0614,
97404,Eugene,Oregon,OR,Lane,44.1005,-123.1334,
97405,Eugene,Oregon,OR,Lane,44.0185,-123.0998,
97406,Agness,Oregon,OR,Curry,42.5748,-124.0648,
97407,Allegany,Oregon,OR,Coos,43.2469,-124.2311,
97408,Eugene,Oregon,OR,Lane,44.1445,-123.0545,
97409,Alvadore,Oregon,OR,Lane,44.1276,-123.2666,
97410,Azalea,Oregon,OR,Douglas,42.845,-123.155,
97411,Bandon,Oregon,OR,Coos,43.0968,-124.4037,
97412,Blachly,Oregon,OR,Lane,44.1966,-123.5348,
97413,Blue River,Oregon,OR,Lane,44.1755,-122.1217,
97414,Broadbent,Oregon,OR,Coos,42.985,-124.1189,
97415,Brookings,Oregon,OR,Curry,42.1378,-124.2492,
97416,Camas Valley,Oregon,OR,Douglas,43.0557,-123.6655,
97417,Canyonville,Oregon,OR,Douglas,42.9307,-123.278,
97419,Cheshire,Oregon,OR,Lane,44.1782,-123.3715,
97420,Coos Bay,Oregon,OR,Coos,43.2151,-124.1984,
97423,Coquille,Oregon,OR,Coos,43.1884,-124.2014,
97424,Cottage Grove,Oregon,OR,Lane,43.7839,-123.0529,
97425,Crescent Lake,Oregon,OR,Klamath,43.518,-121.9495,
97426,Creswell,Oregon,OR,Lane,43.9058,-123.0284,
97427,Culp Creek,Oregon,OR,Lane,43.6579,-122.7871,
97428,Curtin,Oregon,OR,Douglas,43.7476,-123.1962,
97429,Days Creek,Oregon,OR,Douglas,42.9819,-123.1439,
97430,Deadwood,Oregon,OR,Lane,44.1462,-123.6816,
97431,Dexter,Oregon,OR,Lane,43.9217,-122.8424,
97432,Dillard,Oregon,OR,Douglas,43.1135,-123.4181,
97434,Dorena,Oregon,OR,Lane,43.7361,-122.8946,
97435,Drain,Oregon,OR,Douglas,43.6877,-123.2929,
97436,Elkton,Oregon,OR,Douglas,43.6378,-123.59,
97437,Elmira,Oregon,OR,Lane,44.0873,-123.3671,
97438,Fall Creek,Oregon,OR,Lane,43.9509,-122.6884,
97439,Florence,Oregon,OR,Lane,43.9881,-124.0993,
97440,Eugene,Oregon,OR,Lane,43.8638,-122.9988,
97441,Gardiner,Oregon,OR,Douglas,43.7857,-124.1437,
97442,Glendale,Oregon,OR,Douglas,42.7518,-123.3943,
97443,Glide,Oregon,OR,Douglas,43.2774,-122.9638,
97444,Gold Beach,Oregon,OR,Curry,42.4101,-124.3344,
97446,Harrisburg,Oregon,OR,Linn,44.2717,-123.1432,
97447,Idleyld Park,Oregon,OR,Douglas,43.2753,-122.5155,
97448,Junction City,Oregon,OR,Lane,44.1988,-123.23,
97449,Lakeside,Oregon,OR,Coos,43.5833,-124.1624,
97450,Langlois,Oregon,OR,Curry,42.9154,-124.4413,
97451,Lorane,Oregon,OR,Lane,43.829,-123.2477,
97452,Lowell,Oregon,OR,Lane,43.921,-122.7806,
97453,Mapleton,Oregon,OR,Lane,44.0312,-123.8657,
97454,Marcola,Oregon,OR,Lane,44.2064,-122.8246,
97455,Pleasant Hill,Oregon,OR,Lane,43.9458,-122.9285,
97456,Monroe,Oregon,OR,Benton,44.3245,-123.3203,
97457,Myrtle Creek,Oregon,OR,Douglas,43.0162,-123.2851,
97458,Myrtle Point,Oregon,OR,Coos,43.0667,-124.1213,
97459,North Bend,Oregon,OR,Coos,43.4327,-124.2131,
97460,Norway,Oregon,OR,Coos,43.1388,-124.1271,
97461,Noti,Oregon,OR,Lane,44.0992,-123.4684,
97462,Oakland,Oregon,OR,Douglas,43.453,-123.3558,
97463,Oakridge,Oregon,OR,Lane,43.7376,-122.4377,
97464,Ophir,Oregon,OR,Curry,42.7399,-124.5106,
97465,Port Orford,Oregon,OR,Curry,42.7572,-124.4913,
97466,Powers,Oregon,OR,Coos,42.88,-124.0709,
97467,Reedsport,Oregon,OR,Douglas,43.7104,-123.9565,
97468,Remote,Oregon,OR,Coos,43.1388,-124.1271,
97469,Riddle,Oregon,OR,Douglas,42.9389,-123.3612,
97470,Roseburg,Oregon,OR,Douglas,43.2297,-123.2343,
97471,Roseburg,Oregon,OR,Douglas,43.227,-123.5158,5
97472,Saginaw,Oregon,OR,Lane,43.8638,-122.9988,
97473,Scottsburg,Oregon,OR,Douglas,43.6765,-123.8041,
97476,Sixes,Oregon,OR,Curry,42.825,-124.4409,
97477,Springfield,Oregon,OR,Lane,44.0611,-123.0153,
97478,Springfield,Oregon,OR,Lane,44.0561,-122.9171,
97479,Sutherlin,Oregon,OR,Douglas,43.3904,-123.2974,
97480,Swisshome,Oregon,OR,Lane,44.0899,-123.8279,
97481,Tenmile,Oregon,OR,Douglas,43.114,-123.5294,
97482,Thurston,Oregon,OR,Lane,43.8638,-122.9988,
97484,Tiller,Oregon,OR,Douglas,42.9177,-122.9079,
97486,Umpqua,Oregon,OR,Douglas,43.3745,-123.5358,
97487,Veneta,Oregon,OR,Lane,44.0382,-123.3516,
97488,Vida,Oregon,OR,Lane,44.13,-122.5044,
97489,Walterville,Oregon,OR,Lane,44.1288,-122.6376,
97490,Walton,Oregon,OR,Lane,44.0282,-123.5893,
97491,Wedderburn,Oregon,OR,Curry,42.6093,-124.3886,
97492,Westfir,Oregon,OR,Lane,43.7575,-122.481,
97493,Westlake,Oregon,OR,Lane,43.914,-124.0334,
97494,Wilbur,Oregon,OR,Douglas,43.3284,-123.3332,
97495,Winchester,Oregon,OR,Douglas,43.2878,-123.3055,
97496,Winston,Oregon,OR,Douglas,43.1049,-123.4325,
97497,Wolf Creek,Oregon,OR,Josephine,42.6522,-123.425,
97498,Yachats,Oregon,OR,Lincoln,44.3256,-124.0863,
97499,Yoncalla,Oregon,OR,Douglas,43.6043,-123.2926,
97501,Medford,Oregon,OR,Jackson,42.2818,-122.9054,
97502,Central Point,Oregon,OR,Jackson,42.3899,-122.9222,
97503,White City,Oregon,OR,Jackson,42.4319,-122.8296,
97504,Medford,Oregon,OR,Jackson,42.3363,-122.8398,
97520,Ashland,Oregon,OR,Jackson,42.1885,-122.693,
97522,Butte Falls,Oregon,OR,Jackson,42.5492,-122.5638,
97523,Cave Junction,Oregon,OR,Josephine,42.1348,-123.6272,
97524,Eagle Point,Oregon,OR,Jackson,42.4935,-122.8088,
97525,Gold Hill,Oregon,OR,Jackson,42.4244,-123.0854,
97526,Grants Pass,Oregon,OR,Josephine,42.4638,-123.3457,
97527,Grants Pass,Oregon,OR,Josephine,42.3989,-123.3538,
97528,Grants Pass,Oregon,OR,Josephine,42.3964,-123.535,
97530,Jacksonville,Oregon,OR,Jackson,42.1813,-123.0241,
97531,Kerby,Oregon,OR,Josephine,42.2093,-123.6573,
97532,Merlin,Oregon,OR,Josephine,42.5297,-123.4393,
97533,Murphy,Oregon,OR,Josephine,42.308,-123.3273,
97534,O Brien,Oregon,OR,Josephine,42.0879,-123.689,
97535,Phoenix,Oregon,OR,Jackson,42.2766,-122.8227,
97536,Prospect,Oregon,OR,Jackson,42.7544,-122.509,
97537,Rogue River,Oregon,OR,Jackson,42.4889,-123.1587,
97538,Selma,Oregon,OR,Josephine,42.2654,-123.5515,
97539,Shady Cove,Oregon,OR,Jackson,42.6212,-122.7561,
97540,Talent,Oregon,OR,Jackson,42.2363,-122.786,
97541,Trail,Oregon,OR,Jackson,42.6864,-122.816,
97543,Wilderville,Oregon,OR,Josephine,42.3751,-123.5621,
97544,Williams,Oregon,OR,Josephine,42.223,-123.2829,
97601,Klamath Falls,Oregon,OR,Klamath,42.2933,-121.8169,
97602,Klamath Falls,Oregon,OR,Klamath,42.805,-121.5848,
97603,Klamath Falls,Oregon,OR,Klamath,42.1919,-121.7241,
97604,Crater Lake,Oregon,OR,Klamath,42.9465,-122.1769,
97620,Adel,Oregon,OR,Lake,42.1487,-119.8833,
97621,Beatty,Oregon,OR,Klamath,42.4369,-121.22,
97622,Bly,Oregon,OR,Klamath,42.3995,-121.0806,
97623,Bonanza,Oregon,OR,Klamath,42.2463,-121.3336,
97624,Chiloquin,Oregon,OR,Klamath,42.5463,-121.745,
97625,Dairy,Oregon,OR,Klamath,42.291,-121.5078,
97626,Fort Klamath,Oregon,OR,Klamath,42.6415,-122.038,
97627,Keno,Oregon,OR,Klamath,42.1194,-122.0081,
97630,Lakeview,Oregon,OR,Lake,42.1854,-120.3775,
97632,Malin,Oregon,OR,Klamath,42.0195,-121.4221,
97633,Merrill,Oregon,OR,Klamath,42.0295,-121.5985,
97634,Midland,Oregon,OR,Klamath,42.1284,-121.871,
97635,New Pine Creek,Oregon,OR,Lake,42.0278,-120.2894,
97636,Paisley,Oregon,OR,Lake,42.7031,-120.5532,
97637,Plush,Oregon,OR,Lake,42.5035,-119.8947,
97638,Silver Lake,Oregon,OR,Lake,43.1395,-120.9984,
97639,Sprague River,Oregon,OR,Klamath,42.4514,-121.4365,
97640,Summer Lake,Oregon,OR,Lake,42.9447,-120.7946,
97641,Christmas Valley,Oregon,OR,Lake,43.1579,-120.7244,
97701,Bend,Oregon,OR,Deschutes,44.0928,-121.2936,
97702,Bend,Oregon,OR,Deschutes,44.0223,-121.2985,
97707,Bend,Oregon,OR,Deschutes,43.8431,-121.5764,
97708,Bend,Oregon,OR,Deschutes,44.0018,-120.9495,
97709,Bend,Oregon,OR,Deschutes,44.0018,-120.9495,
97710,Fields,Oregon,OR,Harney,42.1862,-118.4758,
97711,Ashwood,Oregon,OR,Jefferson,44.7195,-120.7192,
97712,Brothers,Oregon,OR,Deschutes,43.7789,-120.477,
97720,Burns,Oregon,OR,Harney,43.5145,-119.0504,
97721,Princeton,Oregon,OR,Harney,43.0198,-119.0696,
97722,Diamond,Oregon,OR,Harney,42.9508,-118.695,
97730,Camp Sherman,Oregon,OR,Jefferson,44.455,-121.6394,
97731,Chemult,Oregon,OR,Klamath,43.146,-121.7974,
97732,Crane,Oregon,OR,Harney,43.4262,-118.4642,
97733,Crescent,Oregon,OR,Klamath,43.4442,-121.7109,
97734,Culver,Oregon,OR,Jefferson,44.4818,-121.2344,
97735,Fort Rock,Oregon,OR,Lake,42.8053,-120.3553,
97736,Frenchglen,Oregon,OR,Harney,42.7147,-119.0058,
97737,Gilchrist,Oregon,OR,Klamath,43.3725,-121.6583,
97738,Hines,Oregon,OR,Harney,43.5558,-119.0816,
97739,La Pine,Oregon,OR,Deschutes,43.7091,-121.5194,
97740,Lawen,Oregon,OR,Harney,43.0198,-119.0696,
97741,Madras,Oregon,OR,Jefferson,44.6376,-121.1349,
97750,Mitchell,Oregon,OR,Wheeler,44.5657,-120.1456,
97751,Paulina,Oregon,OR,Crook,44.2102,-119.7828,
97752,Post,Oregon,OR,Crook,44.0793,-120.2998,
97753,Powell Butte,Oregon,OR,Crook,44.2415,-121.0113,
97754,Prineville,Oregon,OR,Crook,44.3044,-120.8336,
97756,Redmond,Oregon,OR,Deschutes,44.2767,-121.1896,
97758,Riley,Oregon,OR,Harney,43.3886,-119.8798,
97759,Sisters,Oregon,OR,Deschutes,44.3165,-121.5091,
97760,Terrebonne,Oregon,OR,Deschutes,44.3909,-121.2379,
97761,Warm Springs,Oregon,OR,Jefferson,44.7468,-121.2909,
97801,Pendleton,Oregon,OR,Umatilla,45.6605,-118.7831,
97810,Adams,Oregon,OR,Umatilla,45.7497,-118.6176,
97812,Arlington,Oregon,OR,Gilliam,45.6664,-120.1971,
97813,Athena,Oregon,OR,Umatilla,45.8289,-118.4971,
97814,Baker City,Oregon,OR,Baker,44.7542,-117.7427,
97817,Bates,Oregon,OR,Grant,44.7138,-118.6469,
97818,Boardman,Oregon,OR,Morrow,45.8272,-119.7206,
97819,Bridgeport,Oregon,OR,Baker,44.4931,-117.7655,
97820,Canyon City,Oregon,OR,Grant,44.3911,-118.9465,
97821,Cayuse,Oregon,OR,Umatilla,45.6833,-118.4581,
97823,Condon,Oregon,OR,Gilliam,45.2306,-120.1898,
97824,Cove,Oregon,OR,Union,45.3199,-117.8147,
97825,Dayville,Oregon,OR,Grant,44.4663,-119.5312,
97826,Echo,Oregon,OR,Umatilla,45.7411,-119.1949,
97827,Elgin,Oregon,OR,Union,45.5941,-117.9112,
97828,Enterprise,Oregon,OR,Wallowa,45.437,-117.2888,
97830,Fossil,Oregon,OR,Wheeler,44.9286,-120.1309,
97831,Fox,Oregon,OR,Grant,44.4778,-118.9478,
97833,Haines,Oregon,OR,Baker,44.8776,-117.9756,
97834,Halfway,Oregon,OR,Baker,44.8953,-117.1132,
97835,Helix,Oregon,OR,Umatilla,45.8665,-118.7222,
97836,Heppner,Oregon,OR,Morrow,45.3486,-119.5369,
97837,Hereford,Oregon,OR,Baker,44.5304,-118.0293,
97838,Hermiston,Oregon,OR,Umatilla,45.845,-119.2849,
97839,Lexington,Oregon,OR,Morrow,45.4264,-119.7464,
97840,Oxbow,Oregon,OR,Baker,44.9633,-116.8436,
97841,Imbler,Oregon,OR,Union,45.4599,-117.9544,
97842,Imnaha,Oregon,OR,Wallowa,45.5137,-116.8257,
97843,Ione,Oregon,OR,Morrow,45.5403,-119.769,
97844,Irrigon,Oregon,OR,Morrow,45.8877,-119.507,
97845,John Day,Oregon,OR,Grant,44.55,-118.9148,
97846,Joseph,Oregon,OR,Wallowa,45.3494,-117.2128,
97848,Kimberly,Oregon,OR,Grant,44.7226,-119.5965,
97850,La Grande,Oregon,OR,Union,45.3304,-118.0852,
97856,Long Creek,Oregon,OR,Grant,44.7554,-119.097,
97857,Lostine,Oregon,OR,Wallowa,45.4939,-117.4359,
97859,Meacham,Oregon,OR,Umatilla,45.5215,-118.4335,
97861,Mikkalo,Oregon,OR,Gilliam,45.4388,-120.2067,
97862,Milton Freewater,Oregon,OR,Umatilla,45.9486,-118.3912,
97864,Monument,Oregon,OR,Grant,44.8189,-119.4192,
97865,Mount Vernon,Oregon,OR,Grant,44.4171,-119.1121,
97867,North Powder,Oregon,OR,Union,45.0317,-117.9337,
97868,Pilot Rock,Oregon,OR,Umatilla,45.4227,-118.8483,
97869,Prairie City,Oregon,OR,Grant,44.457,-118.6952,
97870,Richland,Oregon,OR,Baker,44.797,-117.3018,
97872,Ritter,Oregon,OR,Grant,44.4778,-118.9478,
97873,Seneca,Oregon,OR,Grant,44.1196,-119.1223,
97874,Spray,Oregon,OR,Wheeler,44.8242,-119.8303,
97875,Stanfield,Oregon,OR,Umatilla,45.786,-119.2116,
97876,Summerville,Oregon,OR,Union,45.5077,-118.027,
97877,Sumpter,Oregon,OR,Baker,44.7926,-118.3394,
97880,Ukiah,Oregon,OR,Umatilla,45.0836,-118.894,
97882,Umatilla,Oregon,OR,Umatilla,45.8998,-119.3553,
97883,Union,Oregon,OR,Union,45.2019,-117.8536,
97884,Unity,Oregon,OR,Baker,44.4491,-118.1627,
97885,Wallowa,Oregon,OR,Wallowa,45.5717,-117.5357,
97886,Weston,Oregon,OR,Umatilla,45.8074,-118.3733,
97901,Adrian,Oregon,OR,Malheur,43.6537,-117.0602,
97902,Arock,Oregon,OR,Malheur,42.9156,-117.498,
97903,Brogan,Oregon,OR,Malheur,44.1994,-117.5904,
97904,Drewsey,Oregon,OR,Harney,43.8643,-118.4707,
97905,Durkee,Oregon,OR,Baker,44.4988,-117.4129,
97906,Harper,Oregon,OR,Malheur,43.8734,-117.5284,
97907,Huntington,Oregon,OR,Baker,44.3811,-117.3097,
97908,Ironside,Oregon,OR,Malheur,44.3009,-117.9444,
97909,Jamieson,Oregon,OR,Malheur,44.2161,-117.4813,
97910,Jordan Valley,Oregon,OR,Malheur,42.8801,-117.281,
97911,Juntura,Oregon,OR,Malheur,43.8253,-118.0921,
97913,Nyssa,Oregon,OR,Malheur,43.8604,-117.0251,
97914,Ontario,Oregon,OR,Malheur,44.0416,-116.9783,
97917,Riverside,Oregon,OR,Malheur,43.5099,-118.0986,
97918,Vale,Oregon,OR,Malheur,44.0039,-117.2674,
97920,Westfall,Oregon,OR,Malheur,43.9922,-117.6877,
98001,Auburn,Washington,WA,King,47.3099,-122.2653,
98002,Auburn,Washington,WA,King,47.305,-122.2067,
98003,Federal Way,Washington,WA,King,47.3203,-122.3117,
98004,Bellevue,Washington,WA,King,47.6155,-122.2072,
98005,Bellevue,Washington,WA,King,47.615,-122.1663,
98006,Bellevue,Washington,WA,King,47.5614,-122.1552,
98007,Bellevue,Washington,WA,King,47.6174,-122.1426,
98008,Bellevue,Washington,WA,King,47.6115,-122.1162,
98009,Bellevue,Washington,WA,King,47.4323,-121.8034,
98010,Black Diamond,Washington,WA,King,47.3114,-122.0053,
98011,Bothell,Washington,WA,King,47.7497,-122.2159,
98012,Bothell,Washington,WA,Snohomish,47.8401,-122.1972,
98013,Burton,Washington,WA,King,47.4323,-121.8034,
98014,Carnation,Washington,WA,King,47.638,-121.9111,
98015,Bellevue,Washington,WA,King,47.4323,-121.8034,
98019,Duvall,Washington,WA,King,47.725,-121.9369,
98020,Edmonds,Washington,WA,Snohomish,47.8061,-122.3724,
98021,Bothell,Washington,WA,Snohomish,47.7918,-122.2243,
98022,Enumclaw,Washington,WA,King,47.2665,-122.0314,
98023,Federal Way,Washington,WA,King,47.3104,-122.3612,
98024,Fall City,Washington,WA,King,47.5682,-121.8896,
98025,Hobart,Washington,WA,King,47.5916,-122.056,
98026,Edmonds,Washington,WA,Snohomish,47.8353,-122.327,
98027,Issaquah,Washington,WA,King,47.4974,-122.0107,
98028,Kenmore,Washington,WA,King,47.7542,-122.2475,
98029,Issaquah,Washington,WA,King,47.5585,-122.0055,
98030,Kent,Washington,WA,King,47.3866,-122.2109,
98031,Kent,Washington,WA,King,47.388,-122.1932,
98032,Kent,Washington,WA,King,47.3776,-122.2854,
98033,Kirkland,Washington,WA,King,47.6786,-122.1894,
98034,Kirkland,Washington,WA,King,47.7188,-122.1966,
98035,Kent,Washington,WA,King,47.4323,-121.8034,
98036,Lynnwood,Washington,WA,Snohomish,47.8049,-122.2855,
98037,Lynnwood,Washington,WA,Snohomish,47.8392,-122.2855,
98038,Maple Valley,Washington,WA,King,47.3845,-122.0574,
98039,Medina,Washington,WA,King,47.6269,-122.2314,
98040,Mercer Island,Washington,WA,King,47.5602,-122.2281,
98041,Bothell,Washington,WA,King,47.4323,-121.8034,
98042,Kent,Washington,WA,King,47.368,-122.1206,
98043,Mountlake Terrace,Washington,WA,Snohomish,47.7933,-122.3076,
98045,North Bend,Washington,WA,King,47.4755,-121.7571,
98046,Lynnwood,Washington,WA,Snohomish,48.0373,-121.6823,
98047,Pacific,Washington,WA,King,47.2666,-122.2435,
98050,Preston,Washington,WA,King,47.536,-121.9312,
98051,Ravensdale,Washington,WA,King,47.3407,-121.8874,
98052,Redmond,Washington,WA,King,47.6718,-122.1232,
98053,Redmond,Washington,WA,King,47.6462,-122.0386,
98054,Redondo,Washington,WA,King,47.4323,-121.8034,
98055,Renton,Washington,WA,King,47.4648,-122.2075,
98056,Renton,Washington,WA,King,47.5073,-122.1819,
98057,Renton,Washington,WA,King,47.4714,-122.2203,
98058,Renton,Washington,WA,King,47.4465,-122.1216,
98059,Renton,Washington,WA,King,47.5058,-122.1157,
98060,Seattle,Washington,WA,King,47.4323,-121.8034,
98061,Rollingbay,Washington,WA,Kitsap,47.6808,-122.5762,
98062,Seahurst,Washington,WA,King,47.4323,-121.8034,
98063,Federal Way,Washington,WA,King,47.4323,-121.8034,
98064,Kent,Washington,WA,King,47.4323,-121.8034,
98065,Snoqualmie,Washington,WA,King,47.5293,-121.8225,
98068,Snoqualmie Pass,Washington,WA,King,47.4452,-121.431,
98070,Vashon,Washington,WA,King,47.4259,-122.4644,
98071,Auburn,Washington,WA,King,47.4323,-121.8034,
98072,Woodinville,Washington,WA,King,47.7684,-122.1271,
98073,Redmond,Washington,WA,King,47.4323,-121.8034,
98074,Sammamish,Washington,WA,King,47.6254,-122.0462,
98075,Sammamish,Washington,WA,King,47.5857,-122.0345,
98077,Woodinville,Washington,WA,King,47.7529,-122.0582,
98082,Bothell,Washington,WA,King,47.4323,-121.8034,
98083,Kirkland,Washington,WA,King,47.4323,-121.8034,
98087,Lynnwood,Washington,WA,,47.862,-122.2532,
98089,Kent,Washington,WA,,47.3871,-122.2023,
98092,Auburn,Washington,WA,King,47.2884,-122.098,
98093,Federal Way,Washington,WA,King,47.311,-122.1138,
98101,Seattle,Washington,WA,King,47.6114,-122.3305,
98102,Seattle,Washington,WA,King,47.6302,-122.321,
98103,Seattle,Washington,WA,King,47.6734,-122.3426,
98104,Seattle,Washington,WA,King,47.6036,-122.3256,
98105,Seattle,Washington,WA,King,47.6633,-122.3022,
98106,Seattle,Washington,WA,King,47.5344,-122.3547,
98107,Seattle,Washington,WA,King,47.6701,-122.3763,
98108,Seattle,Washington,WA,King,47.5413,-122.3129,
98109,Seattle,Washington,WA,King,47.6339,-122.3476,
98110,Bainbridge Island,Washington,WA,Kitsap,47.6478,-122.538,
98111,Seattle,Washington,WA,King,47.4323,-121.8034,
98112,Seattle,Washington,WA,King,47.6301,-122.2972,
98113,Seattle,Washington,WA,,47.6716,-122.3411,
98114,Seattle,Washington,WA,King,47.4323,-121.8034,
98115,Seattle,Washington,WA,King,47.6849,-122.2968,
98116,Seattle,Washington,WA,King,47.5746,-122.3934,
98117,Seattle,Washington,WA,King,47.6873,-122.3772,
98118,Seattle,Washington,WA,King,47.5412,-122.275,
98119,Seattle,Washington,WA,King,47.6379,-122.3643,
98121,Seattle,Washington,WA,King,47.6151,-122.3447,
98122,Seattle,Washington,WA,King,47.6116,-122.3056,
98124,Seattle,Washington,WA,King,47.4323,-121.8034,
98125,Seattle,Washington,WA,King,47.717,-122.3015,
98126,Seattle,Washington,WA,King,47.5444,-122.3735,
98127,Seattle,Washington,WA,,47.6063,-122.3308,
98129,Seattle,Washington,WA,King,47.4323,-121.8034,
98130,Seattle,Washington,WA,King,47.4323,-121.8034,
98131,Seattle,Washington,WA,King,47.4323,-121.8034,
98132,Seattle,Washington,WA,King,47.4323,-121.8034,
98133,Seattle,Washington,WA,King,47.7377,-122.3431,
98134,Seattle,Washington,WA,King,47.5903,-122.3263,
98136,Seattle,Washington,WA,King,47.5398,-122.3878,
98138,Seattle,Washington,WA,King,47.4323,-121.8034,
98139,Seattle,Washington,WA,,47.6473,-122.3999,
98140,Seattle,Washington,WA,King,47.4323,-121.8034,
98141,Seattle,Washington,WA,,47.6157,-122.3445,
98144,Seattle,Washington,WA,King,47.5846,-122.3005,
98145,Seattle,Washington,WA,King,47.4323,-121.8034,
98146,Seattle,Washington,WA,King,47.4995,-122.3603,
98148,Seattle,Washington,WA,King,47.4441,-122.3249,
98150,Seattle,Washington,WA,King,47.4323,-121.8034,
98151,Seattle,Washington,WA,King,47.4323,-121.8034,
98154,Seattle,Washington,WA,King,47.4323,-121.8034,
98155,Seattle,Washington,WA,King,47.7559,-122.3003,
98158,Seattle,Washington,WA,King,47.4497,-122.3076,
98160,Seattle,Washington,WA,King,47.4323,-121.8034,
98161,Seattle,Washington,WA,King,47.4323,-121.8034,
98164,Seattle,Washington,WA,King,47.606,-122.332,
98165,Seattle,Washington,WA,,47.7161,-122.3004,
98166,Seattle,Washington,WA,King,47.4511,-122.353,
98168,Seattle,Washington,WA,King,47.4889,-122.3012,
98170,Seattle,Washington,WA,,47.6096,-122.3317,
98171,Seattle,Washington,WA,King,47.4323,-121.8034,
98174,Seattle,Washington,WA,King,47.4323,-121.8034,
98175,Seattle,Washington,WA,,47.7161,-122.3004,
98177,Seattle,Washington,WA,King,47.7467,-122.3686,
98178,Seattle,Washington,WA,King,47.4924,-122.2359,
98181,Seattle,Washington,WA,King,47.4323,-121.8034,
98184,Seattle,Washington,WA,King,47.4323,-121.8034,
98185,Seattle,Washington,WA,King,47.4323,-121.8034,
98188,Seattle,Washington,WA,King,47.4483,-122.2731,
98190,Seattle,Washington,WA,King,47.4323,-121.8034,
98191,Seattle,Washington,WA,King,47.4323,-121.8034,
98194,Seattle,Washington,WA,,47.6024,-122.326,
98195,Seattle,Washington,WA,King,47.6564,-122.3048,
98198,Seattle,Washington,WA,King,47.3929,-122.3129,
98199,Seattle,Washington,WA,King,47.6488,-122.3964,
98201,Everett,Washington,WA,Snohomish,47.9884,-122.2006,
98203,Everett,Washington,WA,Snohomish,47.9419,-122.2218,
98204,Everett,Washington,WA,Snohomish,47.9017,-122.2472,
98205,Everett,Washington,WA,Snohomish,47.9901,-122.1158,
98206,Everett,Washington,WA,Snohomish,47.8599,-122.2848,
98207,Everett,Washington,WA,Snohomish,48.0373,-121.6823,
98208,Everett,Washington,WA,Snohomish,47.8948,-122.1987,
98213,Everett,Washington,WA,,47.9451,-122.2269,
98220,Acme,Washington,WA,Whatcom,48.6752,-122.1914,
98221,Anacortes,Washington,WA,Skagit,48.5004,-122.6309,
98222,Blakely Island,Washington,WA,San Juan,48.5618,-122.812,
98223,Arlington,Washington,WA,Snohomish,48.1829,-122.1121,
98224,Baring,Washington,WA,King,47.7671,-121.4814,
98225,Bellingham,Washington,WA,Whatcom,48.749,-122.4887,
98226,Bellingham,Washington,WA,Whatcom,48.7974,-122.4448,
98227,Bellingham,Washington,WA,Whatcom,48.8148,-121.9885,
98228,Bellingham,Washington,WA,Whatcom,48.8148,-121.9885,
98229,Bellingham,Washington,WA,Whatcom,48.6952,-122.4124,
98230,Blaine,Washington,WA,Whatcom,48.9636,-122.7323,
98231,Blaine,Washington,WA,Whatcom,48.8148,-121.9885,
98232,Bow,Washington,WA,Skagit,48.562,-122.4134,
98233,Burlington,Washington,WA,Skagit,48.4786,-122.3345,
98235,Clearlake,Washington,WA,Skagit,48.4701,-122.2388,
98236,Clinton,Washington,WA,Island,47.9508,-122.3916,
98237,Concrete,Washington,WA,Skagit,48.531,-121.6643,
98238,Conway,Washington,WA,Skagit,48.34,-122.3456,
98239,Coupeville,Washington,WA,Island,48.2189,-122.6823,
98240,Custer,Washington,WA,Whatcom,48.9374,-122.6226,
98241,Darrington,Washington,WA,Snohomish,48.2395,-121.5892,
98243,Deer Harbor,Washington,WA,San Juan,48.5578,-122.9837,
98244,Deming,Washington,WA,Whatcom,48.8018,-122.0918,
98245,Eastsound,Washington,WA,San Juan,48.6656,-122.937,
98246,Bow,Washington,WA,Skagit,48.5581,-121.417,
98247,Everson,Washington,WA,Whatcom,48.9045,-122.3325,
98248,Ferndale,Washington,WA,Whatcom,48.8625,-122.5953,
98249,Freeland,Washington,WA,Island,48.0342,-122.5641,
98250,Friday Harbor,Washington,WA,San Juan,48.5454,-123.0947,
98251,Gold Bar,Washington,WA,Snohomish,47.8331,-121.6365,
98252,Granite Falls,Washington,WA,Snohomish,48.079,-121.9428,
98253,Greenbank,Washington,WA,Island,48.1004,-122.5761,
98255,Hamilton,Washington,WA,Skagit,48.5255,-121.9887,
98256,Index,Washington,WA,Snohomish,47.8118,-121.5497,
98257,La Conner,Washington,WA,Skagit,48.4093,-122.5313,
98258,Lake Stevens,Washington,WA,Snohomish,48.0171,-122.0672,
98259,North Lakewood,Washington,WA,Snohomish,48.0373,-121.6823,
98260,Langley,Washington,WA,Island,48.0187,-122.453,
98261,Lopez Island,Washington,WA,San Juan,48.4988,-122.8743,
98262,Lummi Island,Washington,WA,Whatcom,48.7128,-122.6823,
98263,Lyman,Washington,WA,Skagit,48.5345,-122.0586,
98264,Lynden,Washington,WA,Whatcom,48.9372,-122.4592,
98266,Maple Falls,Washington,WA,Whatcom,48.9533,-122.1283,
98267,Marblemount,Washington,WA,Skagit,48.4435,-121.3163,
98270,Marysville,Washington,WA,Snohomish,48.0656,-122.1562,
98271,Marysville,Washington,WA,Snohomish,48.0966,-122.198,
98272,Monroe,Washington,WA,Snohomish,47.8585,-121.9474,
98273,Mount Vernon,Washington,WA,Skagit,48.4352,-122.2082,
98274,Mount Vernon,Washington,WA,Skagit,48.3643,-122.1403,
98275,Mukilteo,Washington,WA,Snohomish,47.9199,-122.3019,
98276,Nooksack,Washington,WA,Whatcom,48.8342,-122.3357,
98277,Oak Harbor,Washington,WA,Island,48.3151,-122.6374,
98278,Oak Harbor,Washington,WA,Island,48.3402,-122.6695,
98279,Olga,Washington,WA,San Juan,48.6555,-122.8362,
98280,Orcas,Washington,WA,San Juan,48.5901,-122.941,
98281,Point Roberts,Washington,WA,Whatcom,48.9879,-123.0555,
98282,Camano Island,Washington,WA,Island,48.1761,-122.521,
98283,Rockport,Washington,WA,Skagit,48.4704,-121.5554,
98284,Sedro Woolley,Washington,WA,Skagit,48.5274,-122.2329,
98286,Shaw Island,Washington,WA,San Juan,48.5578,-122.9837,
98287,Silvana,Washington,WA,Snohomish,48.0373,-121.6823,
98288,Skykomish,Washington,WA,King,47.6922,-121.3713,
98290,Snohomish,Washington,WA,Snohomish,47.8954,-122.0716,
98291,Snohomish,Washington,WA,Snohomish,47.9095,-122.0501,
98292,Stanwood,Washington,WA,Snohomish,48.2011,-122.378,
98293,Startup,Washington,WA,Snohomish,47.8703,-121.7685,
98294,Sultan,Washington,WA,Snohomish,47.8589,-121.7369,
98295,Sumas,Washington,WA,Whatcom,48.9708,-122.2074,
98296,Snohomish,Washington,WA,Snohomish,47.8579,-122.092,
98297,Waldron,Washington,WA,San Juan,48.5578,-122.9837,
98303,Anderson Island,Washington,WA,Pierce,47.1563,-122.7067,
98304,Ashford,Washington,WA,Pierce,46.7531,-121.9898,
98305,Beaver,Washington,WA,Clallam,48.0673,-124.3054,
98310,Bremerton,Washington,WA,Kitsap,47.6019,-122.6299,
98311,Bremerton,Washington,WA,Kitsap,47.6271,-122.6373,
98312,Bremerton,Washington,WA,Kitsap,47.5754,-122.6958,
98314,Bremerton,Washington,WA,Kitsap,47.5593,-122.6492,
98315,Silverdale,Washington,WA,Kitsap,47.692,-122.7161,
98320,Brinnon,Washington,WA,Jefferson,47.6776,-122.9375,
98321,Buckley,Washington,WA,Pierce,47.1524,-122.0621,
98322,Burley,Washington,WA,Kitsap,47.688,-122.7293,
98323,Carbonado,Washington,WA,Pierce,47.0802,-122.0513,
98324,Carlsborg,Washington,WA,Clallam,48.1832,-123.873,
98325,Chimacum,Washington,WA,Jefferson,47.9861,-122.7883,
98326,Clallam Bay,Washington,WA,Clallam,48.2255,-124.2015,
98327,Dupont,Washington,WA,Pierce,47.0909,-122.6567,
98328,Eatonville,Washington,WA,Pierce,46.8708,-122.2696,
98329,Gig Harbor,Washington,WA,Pierce,47.3786,-122.7,
98330,Elbe,Washington,WA,Pierce,46.7777,-122.2023,
98331,Forks,Washington,WA,Clallam,47.9287,-124.3989,
98332,Gig Harbor,Washington,WA,Pierce,47.3607,-122.6001,
98333,Fox Island,Washington,WA,Pierce,47.248,-122.629,
98334,Sequim,Washington,WA,,48.05,-122.9145,
98335,Gig Harbor,Washington,WA,Pierce,47.3002,-122.6084,
98336,Glenoma,Washington,WA,Lewis,46.5283,-122.099,
98337,Bremerton,Washington,WA,Kitsap,47.5686,-122.6374,
98338,Graham,Washington,WA,Pierce,47.0246,-122.2936,
98339,Port Hadlock,Washington,WA,Jefferson,48.0345,-122.7682,
98340,Hansville,Washington,WA,Kitsap,47.9061,-122.5655,
98342,Indianola,Washington,WA,Kitsap,47.7514,-122.5196,
98343,Joyce,Washington,WA,Clallam,48.1832,-123.873,
98344,Kapowsin,Washington,WA,Pierce,46.9899,-122.2226,
98345,Keyport,Washington,WA,Kitsap,47.698,-122.6255,
98346,Kingston,Washington,WA,Kitsap,47.8108,-122.5255,
98348,La Grande,Washington,WA,Pierce,47.0662,-122.1132,
98349,Lakebay,Washington,WA,Pierce,47.2886,-122.7776,
98350,La Push,Washington,WA,Clallam,47.9052,-124.6261,
98351,Longbranch,Washington,WA,Pierce,47.2007,-122.7561,
98352,Sumner,Washington,WA,Pierce,47.0662,-122.1132,
98353,Manchester,Washington,WA,Kitsap,47.5952,-122.6225,
98354,Milton,Washington,WA,Pierce,47.2483,-122.3155,
98355,Mineral,Washington,WA,Lewis,46.7096,-122.1861,
98356,Morton,Washington,WA,Lewis,46.5581,-122.2496,
98357,Neah Bay,Washington,WA,Clallam,48.328,-124.6151,
98358,Nordland,Washington,WA,Jefferson,48.0432,-122.6926,
98359,Olalla,Washington,WA,Kitsap,47.4241,-122.5745,
98360,Orting,Washington,WA,Pierce,47.0822,-122.186,
98361,Packwood,Washington,WA,Lewis,46.65,-121.6553,
98362,Port Angeles,Washington,WA,Clallam,48.1065,-123.4384,
98363,Port Angeles,Washington,WA,Clallam,48.0557,-123.9178,
98364,Port Gamble,Washington,WA,Kitsap,47.8344,-122.5928,
98365,Port Ludlow,Washington,WA,Jefferson,47.9222,-122.6896,
98366,Port Orchard,Washington,WA,Kitsap,47.5427,-122.5871,
98367,Port Orchard,Washington,WA,Kitsap,47.4707,-122.651,
98368,Port Townsend,Washington,WA,Jefferson,48.104,-122.7945,
98370,Poulsbo,Washington,WA,Kitsap,47.7423,-122.6277,
98371,Puyallup,Washington,WA,Pierce,47.1991,-122.3151,
98372,Puyallup,Washington,WA,Pierce,47.2042,-122.2734,
98373,Puyallup,Washington,WA,Pierce,47.1284,-122.3219,
98374,Puyallup,Washington,WA,Pierce,47.1424,-122.2652,
98375,Puyallup,Washington,WA,Pierce,47.1037,-122.3235,
98376,Quilcene,Washington,WA,Jefferson,47.8324,-122.8583,
98377,Randle,Washington,WA,Lewis,46.5492,-121.8555,
98378,Retsil,Washington,WA,Kitsap,47.688,-122.7293,
98380,Seabeck,Washington,WA,Kitsap,47.5913,-122.8686,
98381,Sekiu,Washington,WA,Clallam,48.3032,-124.4685,
98382,Sequim,Washington,WA,Clallam,48.0881,-123.1198,
98383,Silverdale,Washington,WA,Kitsap,47.6621,-122.6981,
98384,South Colby,Washington,WA,Kitsap,47.5218,-122.5396,
98385,South Prairie,Washington,WA,Pierce,47.1383,-122.0968,
98386,Southworth,Washington,WA,Kitsap,47.5104,-122.4991,
98387,Spanaway,Washington,WA,Pierce,47.0732,-122.3943,
98388,Steilacoom,Washington,WA,Pierce,47.1704,-122.5888,
98390,Sumner,Washington,WA,Pierce,47.2099,-122.228,
98391,Bonney Lake,Washington,WA,,47.143,-122.1644,
98392,Suquamish,Washington,WA,Kitsap,47.7343,-122.5573,
98393,Tracyton,Washington,WA,Kitsap,47.6267,-122.65,
98394,Vaughn,Washington,WA,Pierce,47.3309,-122.7736,
98395,Wauna,Washington,WA,Pierce,47.266,-122.8328,
98396,Wilkeson,Washington,WA,Pierce,47.1095,-122.037,
98397,Longmire,Washington,WA,Pierce,47.0662,-122.1132,
98398,Paradise Inn,Washington,WA,Pierce,47.0662,-122.1132,
98401,Tacoma,Washington,WA,Pierce,47.2537,-122.4443,
98402,Tacoma,Washington,WA,Pierce,47.2545,-122.4405,
98403,Tacoma,Washington,WA,Pierce,47.2643,-122.4575,
98404,Tacoma,Washington,WA,Pierce,47.2113,-122.4126,
98405,Tacoma,Washington,WA,Pierce,47.2484,-122.4644,
98406,Tacoma,Washington,WA,Pierce,47.2632,-122.4993,
98407,Tacoma,Washington,WA,Pierce,47.2825,-122.5039,
98408,Tacoma,Washington,WA,Pierce,47.2073,-122.4444,
98409,Tacoma,Washington,WA,Pierce,47.2038,-122.4825,
98411,Tacoma,Washington,WA,Pierce,47.0662,-122.1132,
98412,Tacoma,Washington,WA,Pierce,47.0662,-122.1132,
98413,Tacoma,Washington,WA,Pierce,47.0662,-122.1132,
98415,Tacoma,Washington,WA,Pierce,47.0662,-122.1132,
98416,Tacoma,Washington,WA,Pierce,47.2646,-122.4821,
98417,Tacoma,Washington,WA,,47.2061,-122.4822,
98418,Tacoma,Washington,WA,Pierce,47.2232,-122.4465,
98419,Tacoma,Washington,WA,,47.2061,-122.4822,
98421,Tacoma,Washington,WA,Pierce,47.2664,-122.4015,
98422,Tacoma,Washington,WA,Pierce,47.2948,-122.3983,
98424,Tacoma,Washington,WA,Pierce,47.2325,-122.3594,
98430,Camp Murray,Washington,WA,Pierce,47.0662,-122.1132,
98431,Tacoma,Washington,WA,Pierce,47.0662,-122.1132,
98433,Tacoma,Washington,WA,Pierce,47.1125,-122.5891,
98434,Tacoma,Washington,WA,Pierce,47.0662,-122.1132,
98438,Tacoma,Washington,WA,Pierce,47.1316,-122.497,
98439,Lakewood,Washington,WA,Pierce,47.1287,-122.5103,
98442,Tacoma,Washington,WA,Pierce,47.3081,-122.4185,
98443,Tacoma,Washington,WA,Pierce,47.2044,-122.3728,
98444,Tacoma,Washington,WA,Pierce,47.1464,-122.4572,
98445,Tacoma,Washington,WA,Pierce,47.1291,-122.4094,
98446,Tacoma,Washington,WA,Pierce,47.1285,-122.3736,
98447,Tacoma,Washington,WA,Pierce,47.1441,-122.4434,
98448,Tacoma,Washington,WA,,47.2061,-122.4822,
98450,Tacoma,Washington,WA,Pierce,47.0662,-122.1132,
98455,Tacoma,Washington,WA,Pierce,47.0662,-122.1132,
98460,Tacoma,Washington,WA,Pierce,47.0662,-122.1132,
98464,Tacoma,Washington,WA,Pierce,47.0662,-122.1132,
98465,Tacoma,Washington,WA,Pierce,47.2491,-122.5273,
98466,Tacoma,Washington,WA,Pierce,47.228,-122.5396,
98467,University Place,Washington,WA,Pierce,47.2033,-122.5688,
98471,Tacoma,Washington,WA,Pierce,47.0662,-122.1132,
98477,Tacoma,Washington,WA,Pierce,47.0662,-122.1132,
98481,Tacoma,Washington,WA,Pierce,47.0662,-122.1132,
98490,Tacoma,Washington,WA,,47.2061,-122.4822,
98492,Lakewood,Washington,WA,Pierce,47.0662,-122.1132,
98493,Tacoma,Washington,WA,Pierce,47.0662,-122.1132,
98494,Tacoma,Washington,WA,Pierce,47.0662,-122.1132,
98496,Lakewood,Washington,WA,,47.1666,-122.5089,
98497,Lakewood,Washington,WA,Pierce,47.0662,-122.1132,
98498,Lakewood,Washington,WA,Pierce,47.1591,-122.5485,
98499,Lakewood,Washington,WA,Pierce,47.1677,-122.5024,
98501,Olympia,Washington,WA,Thurston,47.0129,-122.8763,
98502,Olympia,Washington,WA,Thurston,47.1043,-123.0552,
98503,Lacey,Washington,WA,Thurston,47.024,-122.7827,
98504,Olympia,Washington,WA,Thurston,46.9781,-122.7024,
98505,Olympia,Washington,WA,Thurston,47.0654,-122.9762,
98506,Olympia,Washington,WA,Thurston,47.1042,-122.87,
98507,Olympia,Washington,WA,Thurston,46.9781,-122.7024,
98508,Olympia,Washington,WA,Thurston,46.9781,-122.7024,
98509,Lacey,Washington,WA,Thurston,46.9781,-122.7024,
98511,Tumwater,Washington,WA,,46.9616,-123.0283,
98512,Olympia,Washington,WA,Thurston,46.9498,-123.0212,
98513,Olympia,Washington,WA,Thurston,46.9939,-122.743,
98516,Olympia,Washington,WA,Thurston,47.1126,-122.7794,
98520,Aberdeen,Washington,WA,Grays Harbor,46.9843,-123.7963,
98522,Adna,Washington,WA,Lewis,46.5713,-123.2984,
98524,Allyn,Washington,WA,Mason,47.3571,-122.8587,
98526,Amanda Park,Washington,WA,Grays Harbor,47.4859,-123.9206,
98527,Bay Center,Washington,WA,Pacific,46.6371,-123.885,
98528,Belfair,Washington,WA,Mason,47.4325,-122.9289,
98530,Bucoda,Washington,WA,Thurston,46.7982,-122.8718,
98531,Centralia,Washington,WA,Lewis,46.7246,-122.9671,
98532,Chehalis,Washington,WA,Lewis,46.6382,-122.9658,
98533,Cinebar,Washington,WA,Lewis,46.5793,-122.5687,
98535,Copalis Beach,Washington,WA,Grays Harbor,47.1491,-124.1397,
98536,Copalis Crossing,Washington,WA,Grays Harbor,47.1591,-124.1352,
98537,Cosmopolis,Washington,WA,Grays Harbor,46.9538,-123.7739,
98538,Curtis,Washington,WA,Lewis,46.4956,-123.1468,
98539,Doty,Washington,WA,Lewis,46.6378,-123.2804,
98540,East Olympia,Washington,WA,Thurston,46.9781,-122.7024,
98541,Elma,Washington,WA,Grays Harbor,47.0058,-123.3997,
98542,Ethel,Washington,WA,Lewis,46.53,-122.724,
98544,Galvin,Washington,WA,Lewis,46.7349,-123.0254,
98546,Grapeview,Washington,WA,Mason,47.3273,-122.9163,
98547,Grayland,Washington,WA,Grays Harbor,46.8264,-124.094,
98548,Hoodsport,Washington,WA,Mason,47.4235,-123.1739,
98550,Hoquiam,Washington,WA,Grays Harbor,46.9823,-123.8842,
98552,Humptulips,Washington,WA,Grays Harbor,47.3429,-123.9291,
98554,Lebam,Washington,WA,Pacific,46.5614,-123.5479,
98555,Lilliwaup,Washington,WA,Mason,47.5128,-123.0631,
98556,Littlerock,Washington,WA,Thurston,46.9024,-123.017,
98557,Mccleary,Washington,WA,Grays Harbor,47.0297,-123.273,
98558,Mckenna,Washington,WA,Pierce,46.9559,-122.5558,
98559,Malone,Washington,WA,Grays Harbor,46.9589,-123.3268,
98560,Matlock,Washington,WA,Mason,47.2636,-123.4412,
98561,Menlo,Washington,WA,Pacific,46.5146,-123.769,
98562,Moclips,Washington,WA,Grays Harbor,47.2387,-124.2039,
98563,Montesano,Washington,WA,Grays Harbor,47.0901,-123.5006,
98564,Mossyrock,Washington,WA,Lewis,46.5131,-122.4789,
98565,Napavine,Washington,WA,Lewis,46.5793,-122.9097,
98566,Neilton,Washington,WA,Grays Harbor,47.3877,-123.8903,
98568,Oakville,Washington,WA,Grays Harbor,46.8434,-123.2493,
98569,Ocean Shores,Washington,WA,Grays Harbor,47.072,-124.1525,
98570,Onalaska,Washington,WA,Lewis,46.573,-122.7075,
98571,Pacific Beach,Washington,WA,Grays Harbor,47.2195,-124.1915,
98572,Pe Ell,Washington,WA,Lewis,46.5829,-123.3147,
98575,Quinault,Washington,WA,Grays Harbor,47.4603,-123.8307,
98576,Rainier,Washington,WA,Thurston,46.8829,-122.6795,
98577,Raymond,Washington,WA,Pacific,46.671,-123.6929,
98579,Rochester,Washington,WA,Thurston,46.8193,-123.0406,
98580,Roy,Washington,WA,Pierce,46.956,-122.4483,
98581,Ryderwood,Washington,WA,Cowlitz,46.3752,-123.0431,
98582,Salkum,Washington,WA,Lewis,46.5151,-122.6454,
98583,Satsop,Washington,WA,Grays Harbor,47.0022,-123.4836,
98584,Shelton,Washington,WA,Mason,47.2633,-123.1597,
98585,Silver Creek,Washington,WA,Lewis,46.5491,-122.4757,
98586,South Bend,Washington,WA,Pacific,46.6544,-123.8203,
98587,Taholah,Washington,WA,Grays Harbor,47.3407,-124.2827,
98588,Tahuya,Washington,WA,Mason,47.4446,-123.0232,
98589,Tenino,Washington,WA,Thurston,46.8641,-122.8493,
98590,Tokeland,Washington,WA,Pacific,46.7469,-124.046,
98591,Toledo,Washington,WA,Lewis,46.4396,-122.8266,
98592,Union,Washington,WA,Mason,47.3368,-123.075,
98593,Vader,Washington,WA,Lewis,46.3985,-122.9585,
98595,Westport,Washington,WA,Grays Harbor,46.8836,-124.1061,
98596,Winlock,Washington,WA,Lewis,46.494,-122.9158,
98597,Yelm,Washington,WA,Thurston,46.9206,-122.588,
98599,Olympia,Washington,WA,Thurston,46.9781,-122.7024,
98601,Amboy,Washington,WA,Clark,45.9195,-122.4574,
98602,Appleton,Washington,WA,Klickitat,45.8504,-121.3129,
98603,Ariel,Washington,WA,Cowlitz,45.9952,-122.4677,
98604,Battle Ground,Washington,WA,Clark,45.7907,-122.5318,
98605,Bingen,Washington,WA,Klickitat,45.7751,-121.6328,
98606,Brush Prairie,Washington,WA,Clark,45.7304,-122.4843,
98607,Camas,Washington,WA,Clark,45.6058,-122.4142,
98609,Carrolls,Washington,WA,Cowlitz,46.0715,-122.8648,
98610,Carson,Washington,WA,Skamania,45.7493,-121.8351,
98611,Castle Rock,Washington,WA,Cowlitz,46.2783,-122.9139,
98612,Cathlamet,Washington,WA,Wahkiakum,46.1954,-123.3627,
98613,Centerville,Washington,WA,Klickitat,45.7032,-120.946,
98614,Chinook,Washington,WA,Pacific,46.263,-123.9332,
98616,Cougar,Washington,WA,Cowlitz,46.069,-122.2942,
98617,Dallesport,Washington,WA,Klickitat,45.6327,-121.1717,
98619,Glenwood,Washington,WA,Klickitat,46.0071,-121.2885,
98620,Goldendale,Washington,WA,Klickitat,45.832,-120.813,
98621,Grays River,Washington,WA,Wahkiakum,46.3535,-123.5888,
98622,Heisson,Washington,WA,Clark,45.8016,-122.5203,
98623,Husum,Washington,WA,Klickitat,45.8076,-121.4877,
98624,Ilwaco,Washington,WA,Pacific,46.3142,-124.0282,
98625,Kalama,Washington,WA,Cowlitz,46.0112,-122.8166,
98626,Kelso,Washington,WA,Cowlitz,46.1485,-122.887,
98628,Klickitat,Washington,WA,Klickitat,45.8562,-121.0443,
98629,La Center,Washington,WA,Clark,45.8806,-122.624,
98631,Long Beach,Washington,WA,Pacific,46.3774,-124.047,
98632,Longview,Washington,WA,Cowlitz,46.1514,-122.9634,
98635,Lyle,Washington,WA,Klickitat,45.745,-121.2501,
98637,Nahcotta,Washington,WA,Pacific,46.5146,-123.769,
98638,Naselle,Washington,WA,Pacific,46.3528,-123.8044,
98639,North Bonneville,Washington,WA,Skamania,45.6417,-122.0058,
98640,Ocean Park,Washington,WA,Pacific,46.5029,-124.0436,
98641,Oysterville,Washington,WA,Pacific,46.5448,-124.0427,
98642,Ridgefield,Washington,WA,Clark,45.7846,-122.6934,
98643,Rosburg,Washington,WA,Wahkiakum,46.3071,-123.6571,
98644,Seaview,Washington,WA,Pacific,46.3308,-124.0455,
98645,Silverlake,Washington,WA,Cowlitz,46.3163,-122.7649,
98647,Skamokawa,Washington,WA,Wahkiakum,46.2952,-123.4332,
98648,Stevenson,Washington,WA,Skamania,45.6882,-121.9093,
98649,Toutle,Washington,WA,Cowlitz,46.2956,-122.6477,
98650,Trout Lake,Washington,WA,Klickitat,45.9828,-121.5163,
98651,Underwood,Washington,WA,Skamania,45.7409,-121.5974,
98660,Vancouver,Washington,WA,Clark,45.6418,-122.6801,
98661,Vancouver,Washington,WA,Clark,45.6418,-122.6251,
98662,Vancouver,Washington,WA,Clark,45.6914,-122.5805,
98663,Vancouver,Washington,WA,Clark,45.6514,-122.6604,
98664,Vancouver,Washington,WA,Clark,45.6231,-122.5767,
98665,Vancouver,Washington,WA,Clark,45.6892,-122.6616,
98666,Vancouver,Washington,WA,Clark,45.8016,-122.5203,
98667,Vancouver,Washington,WA,Clark,45.8016,-122.5203,
98668,Vancouver,Washington,WA,Clark,45.8016,-122.5203,
98670,Wahkiacus,Washington,WA,Klickitat,45.859,-121.1409,
98671,Washougal,Washington,WA,Clark,45.5959,-122.3104,
98672,White Salmon,Washington,WA,Klickitat,45.7551,-121.4795,
98673,Wishram,Washington,WA,Klickitat,45.6415,-121.0732,
98674,Woodland,Washington,WA,Cowlitz,45.9219,-122.7126,
98675,Yacolt,Washington,WA,Clark,45.8622,-122.4275,
98682,Vancouver,Washington,WA,Clark,45.6644,-122.5212,
98683,Vancouver,Washington,WA,Clark,45.6032,-122.5133,
98684,Vancouver,Washington,WA,Clark,45.6359,-122.5155,
98685,Vancouver,Washington,WA,Clark,45.7162,-122.6899,
98686,Vancouver,Washington,WA,Clark,45.712,-122.6322,
98687,Vancouver,Washington,WA,Clark,45.8016,-122.5203,
98801,Wenatchee,Washington,WA,Chelan,47.4253,-120.3273,
98802,East Wenatchee,Washington,WA,Douglas,47.4186,-120.2731,
98807,Wenatchee,Washington,WA,Chelan,47.9058,-120.5202,
98811,Ardenvoir,Washington,WA,Chelan,47.7085,-120.3291,
98812,Brewster,Washington,WA,Okanogan,48.1206,-119.772,
98813,Bridgeport,Washington,WA,Douglas,48.0161,-119.7028,
98814,Carlton,Washington,WA,Okanogan,48.2526,-120.1055,
98815,Cashmere,Washington,WA,Chelan,47.5173,-120.5033,
98816,Chelan,Washington,WA,Chelan,47.8483,-120.0273,
98817,Chelan Falls,Washington,WA,Chelan,47.8418,-119.9579,
98819,Conconully,Washington,WA,Okanogan,48.5469,-119.7526,
98821,Dryden,Washington,WA,Chelan,47.5822,-120.596,
98822,Entiat,Washington,WA,Chelan,47.7057,-120.276,
98823,Ephrata,Washington,WA,Grant,47.2771,-119.5336,
98824,George,Washington,WA,Grant,47.0792,-119.8601,
98826,Leavenworth,Washington,WA,Chelan,47.6438,-120.6748,
98827,Loomis,Washington,WA,Okanogan,48.8696,-119.6427,
98828,Malaga,Washington,WA,Chelan,47.3553,-120.2086,
98829,Malott,Washington,WA,Okanogan,48.248,-119.7525,
98830,Mansfield,Washington,WA,Douglas,47.9021,-119.4053,
98831,Manson,Washington,WA,Chelan,47.8958,-120.149,
98832,Marlin,Washington,WA,Grant,47.3014,-119.064,
98833,Mazama,Washington,WA,Okanogan,48.5977,-120.388,
98834,Methow,Washington,WA,Okanogan,48.1171,-120.0891,
98836,Monitor,Washington,WA,Chelan,47.4852,-120.4158,
98837,Moses Lake,Washington,WA,Grant,47.1374,-119.2891,
98840,Okanogan,Washington,WA,Okanogan,48.3513,-119.6046,
98841,Omak,Washington,WA,Okanogan,48.4143,-119.5272,
98843,Orondo,Washington,WA,Douglas,47.6969,-120.1721,
98844,Oroville,Washington,WA,Okanogan,48.9397,-119.4032,
98845,Palisades,Washington,WA,Douglas,47.4694,-119.8023,
98846,Pateros,Washington,WA,Okanogan,48.034,-119.9785,
98847,Peshastin,Washington,WA,Chelan,47.5458,-120.5961,
98848,Quincy,Washington,WA,Grant,47.1976,-119.8459,
98849,Riverside,Washington,WA,Okanogan,48.4876,-119.5803,
98850,Rock Island,Washington,WA,Douglas,47.3706,-120.1378,
98851,Soap Lake,Washington,WA,Grant,47.383,-119.486,
98852,Stehekin,Washington,WA,Chelan,47.9058,-120.5202,
98853,Stratford,Washington,WA,Grant,47.4043,-119.313,
98855,Tonasket,Washington,WA,Okanogan,48.7194,-119.3943,
98856,Twisp,Washington,WA,Okanogan,48.3632,-120.135,
98857,Warden,Washington,WA,Grant,46.977,-119.0539,
98858,Waterville,Washington,WA,Douglas,47.6295,-119.9887,
98859,Wauconda,Washington,WA,Okanogan,48.8224,-118.9469,
98860,Wilson Creek,Washington,WA,Grant,47.4739,-119.1847,
98862,Winthrop,Washington,WA,Okanogan,48.4756,-120.1805,
98901,Yakima,Washington,WA,Yakima,46.6932,-120.4153,
98902,Yakima,Washington,WA,Yakima,46.5934,-120.5311,
98903,Yakima,Washington,WA,Yakima,46.5445,-120.7444,
98904,Yakima,Washington,WA,Yakima,46.5645,-120.6947,
98907,Yakima,Washington,WA,Yakima,46.6288,-120.574,
98908,Yakima,Washington,WA,Yakima,46.6165,-120.7094,
98909,Yakima,Washington,WA,Yakima,46.6375,-120.795,
98920,Brownstown,Washington,WA,Yakima,46.5645,-120.6947,
98921,Buena,Washington,WA,Yakima,46.4212,-120.3151,
98922,Cle Elum,Washington,WA,Kittitas,47.2063,-120.9685,
98923,Cowiche,Washington,WA,Yakima,46.6661,-120.7149,
98925,Easton,Washington,WA,Kittitas,47.233,-121.1772,
98926,Ellensburg,Washington,WA,Kittitas,46.9996,-120.5163,
98929,Goose Prairie,Washington,WA,Yakima,46.9157,-121.2416,
98930,Grandview,Washington,WA,Yakima,46.2538,-119.9157,
98932,Granger,Washington,WA,Yakima,46.348,-120.1818,
98933,Harrah,Washington,WA,Yakima,46.4104,-120.5736,
98934,Kittitas,Washington,WA,Kittitas,46.9806,-120.4163,
98935,Mabton,Washington,WA,Yakima,46.2121,-120.0151,
98936,Moxee,Washington,WA,Yakima,46.5542,-120.3685,
98937,Naches,Washington,WA,Yakima,46.8058,-120.9921,
98938,Outlook,Washington,WA,Yakima,46.3525,-120.097,
98939,Parker,Washington,WA,Yakima,46.5645,-120.6947,
98940,Ronald,Washington,WA,Kittitas,47.2503,-121.0456,
98941,Roslyn,Washington,WA,Kittitas,47.2233,-121.0025,
98942,Selah,Washington,WA,Yakima,46.6767,-120.5408,
98943,South Cle Elum,Washington,WA,Kittitas,47.1886,-120.9537,
98944,Sunnyside,Washington,WA,Yakima,46.3213,-120.0126,
98946,Thorp,Washington,WA,Kittitas,47.0739,-120.7583,
98947,Tieton,Washington,WA,Yakima,46.7063,-120.7473,
98948,Toppenish,Washington,WA,Yakima,46.3751,-120.3305,
98950,Vantage,Washington,WA,Kittitas,46.8714,-119.9859,
98951,Wapato,Washington,WA,Yakima,46.4507,-120.4265,
98952,White Swan,Washington,WA,Yakima,46.3716,-120.7453,
98953,Zillah,Washington,WA,Yakima,46.4158,-120.2662,
99001,Airway Heights,Washington,WA,Spokane,47.6438,-117.592,
99003,Chattaroy,Washington,WA,Spokane,47.9192,-117.2921,
99004,Cheney,Washington,WA,Spokane,47.4943,-117.5834,
99005,Colbert,Washington,WA,Spokane,47.8411,-117.3759,
99006,Deer Park,Washington,WA,Spokane,47.9486,-117.4436,
99008,Edwall,Washington,WA,Lincoln,47.5379,-117.9071,
99009,Elk,Washington,WA,Spokane,48.0205,-117.2963,
99011,Fairchild Air Force Base,Washington,WA,Spokane,47.6332,-117.6546,
99012,Fairfield,Washington,WA,Spokane,47.3987,-117.1921,
99013,Ford,Washington,WA,Stevens,47.9169,-117.8119,
99014,Four Lakes,Washington,WA,Spokane,47.5599,-117.5958,
99015,Freeman,Washington,WA,Spokane,47.6536,-117.4317,
99016,Greenacres,Washington,WA,Spokane,47.6584,-117.1568,
99017,Lamont,Washington,WA,Whitman,47.1887,-117.8755,
99018,Latah,Washington,WA,Spokane,47.2999,-117.1395,
99019,Liberty Lake,Washington,WA,Spokane,47.6517,-117.0838,
99020,Marshall,Washington,WA,Spokane,47.6177,-117.5926,
99021,Mead,Washington,WA,Spokane,47.7933,-117.3117,
99022,Medical Lake,Washington,WA,Spokane,47.615,-117.704,
99023,Mica,Washington,WA,Spokane,47.5538,-117.1637,
99025,Newman Lake,Washington,WA,Spokane,47.7274,-117.064,
99026,Nine Mile Falls,Washington,WA,Spokane,47.8019,-117.5894,
99027,Otis Orchards,Washington,WA,Spokane,47.7027,-117.1121,
99028,Spangle,Washington,WA,,47.4305,-117.3788,
99029,Reardan,Washington,WA,Spokane,47.7054,-117.8663,
99030,Rockford,Washington,WA,Spokane,47.4528,-117.1318,
99031,Spangle,Washington,WA,Spokane,47.4338,-117.3827,
99032,Sprague,Washington,WA,Lincoln,47.3247,-117.9897,
99033,Tekoa,Washington,WA,Whitman,47.2271,-117.0819,
99034,Tumtum,Washington,WA,Stevens,47.8941,-117.7536,
99036,Valleyford,Washington,WA,Spokane,47.5292,-117.2686,
99037,Veradale,Washington,WA,Spokane,47.6421,-117.1977,
99039,Waverly,Washington,WA,Spokane,47.3297,-117.245,
99040,Wellpinit,Washington,WA,Stevens,47.8697,-117.9856,
99101,Addy,Washington,WA,Stevens,48.3364,-117.9579,
99102,Albion,Washington,WA,Whitman,46.792,-117.2503,
99103,Almira,Washington,WA,Lincoln,47.7632,-118.9122,
99104,Belmont,Washington,WA,Whitman,47.0793,-117.177,
99105,Benge,Washington,WA,Adams,46.8591,-118.1611,
99107,Boyds,Washington,WA,Ferry,48.8427,-118.1828,
99109,Chewelah,Washington,WA,Stevens,48.2876,-117.7754,
99110,Clayton,Washington,WA,Stevens,48.0071,-117.5579,
99111,Colfax,Washington,WA,Whitman,46.88,-117.367,
99113,Colton,Washington,WA,Whitman,46.5901,-117.1692,
99114,Colville,Washington,WA,Stevens,48.578,-117.8645,
99115,Coulee City,Washington,WA,Grant,47.5966,-119.2758,
99116,Coulee Dam,Washington,WA,Okanogan,48.0379,-118.9419,
99117,Creston,Washington,WA,Lincoln,47.7977,-118.5307,
99118,Curlew,Washington,WA,Ferry,48.9108,-118.6452,
99119,Cusick,Washington,WA,Pend Oreille,48.3915,-117.3295,
99121,Danville,Washington,WA,Ferry,48.9725,-118.4884,
99122,Davenport,Washington,WA,Lincoln,47.6809,-118.1667,
99123,Electric City,Washington,WA,Grant,47.9131,-119.0426,
99124,Elmer City,Washington,WA,Okanogan,48.0154,-118.9549,
99125,Endicott,Washington,WA,Whitman,46.9364,-117.723,
99126,Evans,Washington,WA,Stevens,48.7458,-118.0001,
99127,Saint John,Washington,WA,Whitman,46.8387,-117.6443,
99128,Farmington,Washington,WA,Whitman,47.0847,-117.0763,
99129,Fruitland,Washington,WA,Stevens,47.9797,-118.2159,
99130,Garfield,Washington,WA,Whitman,46.9946,-117.1523,
99131,Gifford,Washington,WA,Stevens,48.2685,-118.1136,
99133,Grand Coulee,Washington,WA,Grant,47.9385,-118.9978,
99134,Harrington,Washington,WA,Lincoln,47.4555,-118.2778,
99135,Hartline,Washington,WA,Grant,47.6115,-119.0841,
99136,Hay,Washington,WA,Whitman,46.6973,-117.9417,
99137,Hunters,Washington,WA,Stevens,48.1333,-118.1525,
99138,Inchelium,Washington,WA,Ferry,48.2924,-118.3552,
99139,Ione,Washington,WA,Pend Oreille,48.7377,-117.3647,
99140,Keller,Washington,WA,Ferry,48.0236,-118.6547,
99141,Kettle Falls,Washington,WA,Stevens,48.6364,-118.0548,
99143,Lacrosse,Washington,WA,Whitman,46.7717,-117.7703,
99144,Lamona,Washington,WA,Lincoln,47.3778,-118.5043,
99146,Laurier,Washington,WA,Ferry,48.9753,-118.2208,
99147,Lincoln,Washington,WA,Lincoln,47.8396,-118.4426,
99148,Loon Lake,Washington,WA,Stevens,48.0784,-117.6325,
99149,Malden,Washington,WA,Whitman,47.0101,-117.4766,
99150,Malo,Washington,WA,Ferry,48.811,-118.6044,
99151,Marcus,Washington,WA,Stevens,48.7868,-117.924,
99152,Metaline,Washington,WA,Pend Oreille,48.8496,-117.3963,
99153,Metaline Falls,Washington,WA,Pend Oreille,48.8597,-117.3633,
99154,Mohler,Washington,WA,Lincoln,47.3897,-118.3659,
99155,Nespelem,Washington,WA,Okanogan,48.1434,-119.0094,
99156,Newport,Washington,WA,Pend Oreille,48.1695,-117.1508,
99157,Northport,Washington,WA,Stevens,48.9247,-117.7931,
99158,Oakesdale,Washington,WA,Whitman,47.0806,-117.2803,
99159,Odessa,Washington,WA,Lincoln,47.3395,-118.6983,
99160,Orient,Washington,WA,Ferry,48.8878,-118.2105,
99161,Palouse,Washington,WA,Whitman,46.9076,-117.0855,
99163,Pullman,Washington,WA,Whitman,46.7352,-117.1729,
99164,Pullman,Washington,WA,Whitman,46.8387,-117.6443,
99165,Pullman,Washington,WA,Whitman,46.8387,-117.6443,
99166,Republic,Washington,WA,Ferry,48.6704,-118.6999,
99167,Rice,Washington,WA,Stevens,48.4062,-118.1249,
99169,Ritzville,Washington,WA,Adams,47.1315,-118.3958,
99170,Rosalia,Washington,WA,Whitman,47.2218,-117.4147,
99171,Saint John,Washington,WA,Whitman,47.0755,-117.573,
99173,Springdale,Washington,WA,Stevens,48.0022,-117.829,
99174,Steptoe,Washington,WA,Whitman,46.8387,-117.6443,
99176,Thornton,Washington,WA,Whitman,47.1252,-117.3864,
99179,Uniontown,Washington,WA,Whitman,46.5258,-117.0908,
99180,Usk,Washington,WA,Pend Oreille,48.296,-117.3189,
99181,Valley,Washington,WA,Stevens,48.1351,-117.761,
99185,Wilbur,Washington,WA,Lincoln,47.741,-118.7063,
99201,Spokane,Washington,WA,Spokane,47.6665,-117.4365,
99202,Spokane,Washington,WA,Spokane,47.6547,-117.381,
99203,Spokane,Washington,WA,Spokane,47.6294,-117.4041,
99204,Spokane,Washington,WA,Spokane,47.6501,-117.4298,
99205,Spokane,Washington,WA,Spokane,47.6964,-117.4399,
99206,Spokane,Washington,WA,Spokane,47.6496,-117.2581,
99207,Spokane,Washington,WA,Spokane,47.6977,-117.3746,
99208,Spokane,Washington,WA,Spokane,47.7374,-117.4352,
99209,Spokane,Washington,WA,Spokane,47.6461,-117.7937,
99210,Spokane,Washington,WA,Spokane,47.6536,-117.4317,
99211,Spokane,Washington,WA,Spokane,47.6536,-117.4317,
99212,Spokane,Washington,WA,Spokane,47.6686,-117.3049,
99213,Spokane,Washington,WA,Spokane,47.6567,-117.2825,
99214,Spokane,Washington,WA,Spokane,47.6536,-117.4317,
99215,Spokane,Washington,WA,Spokane,47.6536,-117.4317,
99216,Spokane,Washington,WA,Spokane,47.6634,-117.2193,
99217,Spokane,Washington,WA,Spokane,47.738,-117.2557,
99218,Spokane,Washington,WA,Spokane,47.7556,-117.4146,
99219,Spokane,Washington,WA,Spokane,47.6536,-117.4317,
99220,Spokane,Washington,WA,Spokane,47.6536,-117.4317,
99223,Spokane,Washington,WA,Spokane,47.6156,-117.3622,
99224,Spokane,Washington,WA,Spokane,47.6289,-117.5513,
99228,Spokane,Washington,WA,Spokane,47.6536,-117.4317,
99251,Spokane,Washington,WA,Spokane,47.6536,-117.4317,
99252,Spokane,Washington,WA,Spokane,47.6536,-117.4317,
99254,Spokane,Washington,WA,,47.6581,-117.424,
99255,Spokane,Washington,WA,,47.6581,-117.424,
99256,Spokane,Washington,WA,Spokane,47.6536,-117.4317,
99258,Spokane,Washington,WA,Spokane,47.6536,-117.4317,
99260,Spokane,Washington,WA,Spokane,47.6536,-117.4317,
99299,Spokane,Washington,WA,Spokane,47.6536,-117.4317,
99301,Pasco,Washington,WA,Franklin,46.2492,-119.1044,
99302,Pasco,Washington,WA,Franklin,46.235,-119.0943,
99320,Benton City,Washington,WA,Benton,46.2806,-119.4913,
99321,Beverly,Washington,WA,Grant,46.8484,-119.9121,
99322,Bickleton,Washington,WA,Klickitat,45.9597,-120.1042,
99323,Burbank,Washington,WA,Walla Walla,46.1966,-118.9017,
99324,College Place,Washington,WA,Walla Walla,46.0471,-118.4093,
99326,Connell,Washington,WA,Franklin,46.6643,-118.8545,
99327,Cunningham,Washington,WA,Adams,46.8289,-118.8292,
99328,Dayton,Washington,WA,Columbia,46.3075,-117.9738,
99329,Dixie,Washington,WA,Walla Walla,46.1408,-118.1531,
99330,Eltopia,Washington,WA,Franklin,46.475,-119.1013,
99332,Hatton,Washington,WA,Adams,46.7706,-118.8,
99333,Hooper,Washington,WA,Whitman,46.8387,-117.6443,
99335,Kahlotus,Washington,WA,Franklin,46.6779,-118.5337,
99336,Kennewick,Washington,WA,Benton,46.2109,-119.168,
99337,Kennewick,Washington,WA,Benton,46.1814,-119.1383,
99338,Kennewick,Washington,WA,Benton,46.156,-119.264,
99341,Lind,Washington,WA,Adams,46.956,-118.7061,
99343,Mesa,Washington,WA,Franklin,46.5782,-119.1373,
99344,Othello,Washington,WA,Adams,46.8527,-118.9932,
99345,Paterson,Washington,WA,Benton,45.9911,-119.7559,
99346,Plymouth,Washington,WA,Benton,45.9301,-119.4023,
99347,Pomeroy,Washington,WA,Garfield,46.4698,-117.5993,
99348,Prescott,Washington,WA,Walla Walla,46.3539,-118.4097,
99349,Mattawa,Washington,WA,Grant,46.731,-119.7783,
99350,Prosser,Washington,WA,Benton,46.2232,-119.771,
99352,Richland,Washington,WA,Benton,46.2522,-119.288,
99353,West Richland,Washington,WA,Benton,46.3153,-119.3714,
99354,Richland,Washington,WA,Benton,46.3257,-119.3067,
99356,Roosevelt,Washington,WA,Klickitat,45.8514,-120.3543,
99357,Royal City,Washington,WA,Grant,46.9156,-119.5815,
99359,Starbuck,Washington,WA,Columbia,46.5128,-118.1024,
99360,Touchet,Washington,WA,Walla Walla,46.0903,-118.663,
99361,Waitsburg,Washington,WA,Walla Walla,46.2691,-118.1447,
99362,Walla Walla,Washington,WA,Walla Walla,46.0614,-118.3315,
99363,Wallula,Washington,WA,Walla Walla,46.0846,-118.9061,
99371,Washtucna,Washington,WA,Adams,46.8209,-118.2862,
99401,Anatone,Washington,WA,Asotin,46.1285,-117.0883,
99402,Asotin,Washington,WA,Asotin,46.1343,-117.0015,
99403,Clarkston,Washington,WA,Asotin,46.3946,-117.0645,